<?xml version="1.0" encoding="UTF-8" standalone="yes" ?>
<CodeBlocks_plugin_manifest_file>
    <SdkVersion major="1" minor="23"  release="0" />
    <Plugin name="OpenFilesListPlus">
        <Value title="Open Files List Plus" />
        <Value version="pre-1" />
        <Value description="Enhanced view of open files" />
        <Value author="earlgrey" />
        <Value authorEmail="earlgrey@free.fr" />
        <Value authorWebsite="http://www.codeblocks.org" />
        <Value thanksTo="All C::B team" />
        <Value license="GPL" />
    </Plugin>
</CodeBlocks_plugin_manifest_file>

